1-D Interpolation (INTERP1) QC,Combine QC Flags (CMBNFLG) QC,Conductivity Compressibility Compensation (CONDCMP) QC,DOORS L2 Science Requirement #(s),DOORS L2 Science Requirement Text,DPS DCN(s),Data_Product_Level,Data_Product_Name,Evaluate Polynomial (POLYVAL) QC,Global Range Test (GLBLRNG) QC,Gradient Test (GRADTST) QC,Local Range Test (LOCLRNG) QC,Modulus (MODULUS) QC,Notes,Processing Flow Diagram DCN(s),Solar Elevation (SOLAREL) QC,Spike Test (SPKETST) QC,Stuck Value Test (STUCKVL) QC,Trend Test (TRNDTST) QC,Units,code,diagrams,dps,id,instrument_class_list,level,name,regime,units
not applicable,not applicable,not applicable,L2-SR-RQ-3850,Interactive Sampling for Microbial Genetic Analyses,DCN 1341-00630,2,16s rRNA sequence of filtered physical sample,not applicable,not applicable,not applicable,not applicable,not applicable,,n/a,not applicable,not applicable,not applicable,not applicable,2 micron filter,DNASAMP,n/a,DCN 1341-00630,DNASAMP_L2,"[""PPSDN""]",L2,16s rRNA sequence of filtered physical sample,Seafloor/Crust,2 micron filter
not applicable,not applicable,not applicable,L2-SR-RQ-3033,Direct Covariance Fluxes ,DCN 1341-00360,0,Air Temperature,not applicable,not applicable,not applicable,not applicable,not applicable,,DCN 1342-00360,not applicable,not applicable,not applicable,not applicable,degree C,TEMPAIR,DCN 1342-00360,DCN 1341-00360,TEMPAIR_L1,"[""METBK""]",L1,Air Temperature,"Air-Sea Interface, Surface Water",degree C
not applicable,not applicable,not applicable,L2-SR-RQ-3033,Direct Covariance Fluxes ,DCN 1341-00360,0,Air Temperature,not applicable,not applicable,not applicable,not applicable,not applicable,,DCN 1342-00360,not applicable,not applicable,not applicable,not applicable,degree C,TEMPAIR,DCN 1342-00360,DCN 1341-00360,TEMPAIR_L0,"[""METBK""]",L0,Air Temperature,"Air-Sea Interface, Surface Water",degree C
,,,,,,2,Air Temperature at 2 m,,,,,,,,,,,,degrees C,TEMPA2M,,,TEMPA2M_L2,"[""METBK""]",L2,Air Temperature at 2 m,,degrees C
not applicable,not applicable,not applicable,L2-SR-RQ-3020,Barometric Pressure,DCN 1341-00360,0,Barometric Pressure,not applicable,not applicable,not applicable,not applicable,not applicable,,DCN 1342-00360,not applicable,not applicable,not applicable,not applicable,mbar,BARPRES,DCN 1342-00360,DCN 1341-00360,BARPRES_L0,"[""METBK""]",L0,Barometric Pressure,"Air-Sea Interface, Surface Water",mbar
not applicable,not applicable,not applicable,L2-SR-RQ-3020,Barometric Pressure,DCN 1341-00360,0,Barometric Pressure,not applicable,not applicable,not applicable,not applicable,not applicable,,DCN 1342-00360,not applicable,not applicable,not applicable,not applicable,mbar,BARPRES,DCN 1342-00360,DCN 1341-00360,BARPRES_L1,"[""METBK""]",L1,Barometric Pressure,"Air-Sea Interface, Surface Water",Pa
TBD,TBD,TBD,L2-SR-RQ-3087,Fluid Flow - into and out of seep sites,DCN 1341-00220,2,Benthic Flow Rates,TBD,TBD,TBD,TBD,TBD,,DCN 1342-00220,TBD,TBD,TBD,TBD,m/yr,BENTHFL,DCN 1342-00220,DCN 1341-00220,BENTHFL_L2,"[""FLOBN""]",L2,Benthic Flow Rates,Seafloor/Crust,m/yr
not applicable,not applicable,not applicable,L2-SR-RQ-3918,HPIES Bottom Pressure,DCN 1341-00570,0,Bottom Pressure,not applicable,not applicable,not applicable,not applicable,not applicable,,DCN 1342-00560,not applicable,not applicable,not applicable,not applicable,TBD,IESPRES,DCN 1342-00560,DCN 1341-00570,IESPRES_L0,"[""HPIES""]",L0,Bottom Pressure,Water Column,TBD
not applicable,not applicable,not applicable,L2-SR-RQ-3918,HPIES Bottom Pressure,DCN 1341-00570,0,Bottom Pressure,not applicable,not applicable,not applicable,not applicable,not applicable,,DCN 1342-00560,not applicable,not applicable,not applicable,not applicable,TBD,IESPRES,DCN 1342-00560,DCN 1341-00570,IESPRES_L1,"[""HPIES""]",L1,Bottom Pressure,Water Column,Pa
not applicable,not applicable,not applicable,L2-SR-RQ-3086,Acoustic Pressure Waves,DCN 1341-00820,0,Broadband Acoustic pressure waves ,not applicable,not applicable,not applicable,not applicable,not applicable,,DCN 1342-00810,not applicable,not applicable,not applicable,not applicable,TBD,HYDAPBB,DCN 1342-00810,DCN 1341-00820,HYDAPBB_L1,"[""HYDBB""]",L1,Broadband Acoustic pressure waves,"Water Column, Seafloor/Crust",dB//1uPa/V
not applicable,not applicable,not applicable,L2-SR-RQ-3086,Acoustic Pressure Waves,DCN 1341-00820,0,Broadband Acoustic pressure waves ,not applicable,not applicable,not applicable,not applicable,not applicable,,DCN 1342-00810,not applicable,not applicable,not applicable,not applicable,TBD,HYDAPBB,DCN 1342-00810,DCN 1341-00820,HYDAPBB_L0,"[""HYDBB""]",L0,Broadband Acoustic pressure waves,"Water Column, Seafloor/Crust",TBD
not applicable,not applicable,not applicable,Derived from design to achieve HYDACR,none,DCN 1341-00810,0,Broadband Frequency,not applicable,not applicable,not applicable,not applicable,not applicable,,DCN 1342-00810,not applicable,not applicable,not applicable,not applicable,TBD,HYDFRBB,DCN 1342-00810,DCN 1341-00810,HYDFRBB_L0,"[""HYDBB""]",L0,Broadband Frequency,"Water Column, Seafloor/Crust",TBD
not applicable,not applicable,not applicable,Derived from design to achieve HYDACR,none,DCN 1341-00810,0,Broadband Frequency,not applicable,not applicable,not applicable,not applicable,not applicable,,DCN 1342-00810,not applicable,not applicable,not applicable,not applicable,TBD,HYDFRBB,DCN 1342-00810,DCN 1341-00810,HYDFRBB_L1,"[""HYDBB""]",L1,Broadband Frequency,"Water Column, Seafloor/Crust",KHz
TBD,TBD,TBD,L2-SR-RQ-3603,Strong motion,DCN 1341-00100,1,Broadband Ground Acceleration,TBD,TBD,TBD,TBD,TBD,,DCN 1342-00090,TBD,TBD,TBD,TBD,m/s^2,GRNDACC,DCN 1342-00090,DCN 1341-00100,GRNDACC_L1,"[""OBSBB""]",L1,Broadband Ground Acceleration,Seafloor/Crust,m/s^2
TBD,TBD,TBD,L2-SR-RQ-3096,Broadband ground motion,DCN 1341-00090,1,Broadband Ground Velocity,TBD,TBD,TBD,TBD,TBD,,DCN 1342-00090,TBD,TBD,TBD,TBD,m/s,GRNDVEL,DCN 1342-00090,DCN 1341-00090,GRNDVEL_L1,"[""OBSBB""]",L1,Broadband Ground Velocity,Seafloor/Crust,m/s
not applicable,not applicable,not applicable,Derived from design to achieve PCO2AIR,none,[DCN 1341-00260|https://alfresco.oceanobservatories.org/alfresco/d/d/workspace/SpacesStore/295440da-24e6-4279-90f5-03055a5b5a31/1341-00260_Data_Product_SPEC_PCO2SSW_PCO2ATM_OOI.pdf],0,CO2 Mole Fraction in Atmosphere,not applicable,not applicable,not applicable,not applicable,not applicable,,[DCN 1342-00260|https://alfresco.oceanobservatories.org/alfresco/d/d/workspace/SpacesStore/057a2c02-c909-43c8-b0ef-102b4ad4f67e/1342-00260_PCO2A_Data_Processing_Flow_OOI.pdf],not applicable,not applicable,not applicable,not applicable,ppm,XCO2ATM,DCN 1342-00260,DCN 1341-00260,XCO2ATM_L0,"[""PCO2A""]",L0,CO2 Mole Fraction in Atmosphere,Air-Sea Interface,ppm
not applicable,not applicable,not applicable,Derived from design to achieve PCO2AIR,none,[DCN 1341-00260|https://alfresco.oceanobservatories.org/alfresco/d/d/workspace/SpacesStore/295440da-24e6-4279-90f5-03055a5b5a31/1341-00260_Data_Product_SPEC_PCO2SSW_PCO2ATM_OOI.pdf],0,CO2 Mole Fraction in Surface Sea Water,not applicable,not applicable,not applicable,not applicable,not applicable,,[DCN 1342-00260|https://alfresco.oceanobservatories.org/alfresco/d/d/workspace/SpacesStore/057a2c02-c909-43c8-b0ef-102b4ad4f67e/1342-00260_PCO2A_Data_Processing_Flow_OOI.pdf],not applicable,not applicable,not applicable,not applicable,ppm,XCO2SSW,DCN 1342-00260,DCN 1341-00260,XCO2SSW_L0,"[""PCO2A""]",L0,CO2 Mole Fraction in Surface Sea Water,Air-Sea Interface,ppm
not applicable,not applicable,not applicable,L2-SR-RQ-3045,Conductivity,[DCN 1341-00030|https://alfresco.oceanobservatories.org/alfresco/d/d/workspace/SpacesStore/d8318ad7-b189-4ff1-acd9-6acdd295f4f5/1341-00030_Data_Product_SPEC_CONDWAT_OOI.pdf],0,Conductivity,not applicable,not applicable,not applicable,not applicable,not applicable,,[DCN 1342-00010|https://alfresco.oceanobservatories.org/alfresco/d/d/workspace/SpacesStore/a2d4b90f-145f-44f6-bf03-6e720d87893c/1342-00010_Data_Processing_Flow_CTD_OOI.pdf],not applicable,not applicable,not applicable,not applicable,unitless,CONDWAT,DCN 1342-00010,DCN 1341-00030,CONDWAT_L1,"[""CTDAV"", ""CTDBP"", ""CTDGV"", ""CTDMO"", ""CTDPF""]",L1,Conductivity,Water Column,S/m
not applicable,not applicable,not applicable,L2-SR-RQ-3045,Conductivity,[DCN 1341-00030|https://alfresco.oceanobservatories.org/alfresco/d/d/workspace/SpacesStore/d8318ad7-b189-4ff1-acd9-6acdd295f4f5/1341-00030_Data_Product_SPEC_CONDWAT_OOI.pdf],0,Conductivity,not applicable,not applicable,not applicable,not applicable,not applicable,,[DCN 1342-00010|https://alfresco.oceanobservatories.org/alfresco/d/d/workspace/SpacesStore/a2d4b90f-145f-44f6-bf03-6e720d87893c/1342-00010_Data_Processing_Flow_CTD_OOI.pdf],not applicable,not applicable,not applicable,not applicable,unitless,CONDWAT,DCN 1342-00010,DCN 1341-00030,CONDWAT_L0,"[""CTDAV"", ""CTDBP"", ""CTDGV"", ""CTDMO"", ""CTDPF""]",L0,Conductivity,Water Column,unitless
not applicable,not applicable,not applicable,L2-SR-RQ-3065,Density,[DCN 1341-00050|https://alfresco.oceanobservatories.org/alfresco/d/d/workspace/SpacesStore/bafd6f75-4a29-457a-a243-a2b77d2ee1ec/1341-00050_Data_Product_SPEC_DENSITY_OOI.pdf],2,Density,not applicable,applicable,applicable,applicable,not applicable,,[DCN 1342-00010|https://alfresco.oceanobservatories.org/alfresco/d/d/workspace/SpacesStore/a2d4b90f-145f-44f6-bf03-6e720d87893c/1342-00010_Data_Processing_Flow_CTD_OOI.pdf],not applicable,applicable,applicable,not applicable,kg/m^3,DENSITY,DCN 1342-00010,DCN 1341-00050,DENSITY_L2,"[""CTDAV"", ""CTDBP"", ""CTDGV"", ""CTDMO"", ""CTDPF""]",L2,Density,Water Column,kg/m^3
TBD,TBD,TBD,L2-SR-RQ-3924,Diffuse Attenuation,DCN 1341-00740,2,Diffuse Attenuation Coefficient,TBD,TBD,TBD,TBD,TBD,,DCN 1342-00730,TBD,TBD,TBD,TBD,1/m,OPTATTS,DCN 1342-00730,DCN 1341-00740,OPTATTS_L2,"[""SPKIR""]",L2,Diffuse Attenuation Coefficient,Water Column,1/m
TBD,TBD,TBD,L2-SR-RQ-3062,Platform Motion,DCN 1341-00330,2,Direct Covariance Flux of Heat,TBD,TBD,TBD,TBD,TBD,,"DCN 1342-00280 (FDCHP), DCN 1342-00290 (FDCLP)",TBD,TBD,TBD,TBD,J m^(-2) s^(-1),FLUXHOT,"DCN 1342-00280 (FDCHP), DCN 1342-00290 (FDCLP)",DCN 1341-00330,FLUXHOT_L2,"[""FDCHP"", ""FDCLP""]",L2,Direct Covariance Flux of Heat,Air-Sea Interface,J m^(-2) s^(-1)
TBD,TBD,TBD,L2-SR-RQ-3033,Direct Covariance Fluxes ,DCN 1341-00340,2,Direct Covariance Flux of Moisture,TBD,TBD,TBD,TBD,TBD,,"DCN 1342-00280 (FDCHP), DCN 1342-00290 (FDCLP)",TBD,TBD,TBD,TBD,kg m^(-1) s^(-1),FLUXWET,"DCN 1342-00280 (FDCHP), DCN 1342-00290 (FDCLP)",DCN 1341-00340,FLUXWET_L2,"[""FDCHP"", ""FDCLP""]",L2,Direct Covariance Flux of Moisture,Air-Sea Interface,kg m^(-1) s^(-1)
TBD,TBD,TBD,L2-SR-RQ-3033,Direct Covariance Fluxes ,DCN 1341-00320,2,Direct Covariance Flux of Momentum,TBD,TBD,TBD,TBD,TBD,,"DCN 1342-00280 (FDCHP), DCN 1342-00290 (FDCLP)",TBD,TBD,TBD,TBD,kg m^(-1) s^(-2),FLUXMOM,"DCN 1342-00280 (FDCHP), DCN 1342-00290 (FDCLP)",DCN 1341-00320,FLUXMOM_L2,"[""FDCHP"", ""FDCLP""]",L2,Direct Covariance Flux of Momentum,Air-Sea Interface,kg m^(-1) s^(-2)
not applicable,not applicable,not applicable,L2-SR-RQ-3021,Downwelling longwave irradiance,DCN 1341-00360,0,Downwelling Longwave Irradiance,not applicable,not applicable,not applicable,not applicable,not applicable,,DCN 1342-00360,not applicable,not applicable,not applicable,not applicable,W/m2,LONGIRR,DCN 1342-00360,DCN 1341-00360,LONGIRR_L0,"[""METBK""]",L0,Downwelling Longwave Irradiance,"Air-Sea Interface, Surface Water",W/m2
not applicable,not applicable,not applicable,L2-SR-RQ-3021,Downwelling longwave irradiance,DCN 1341-00360,0,Downwelling Longwave Irradiance,not applicable,not applicable,not applicable,not applicable,not applicable,,DCN 1342-00360,not applicable,not applicable,not applicable,not applicable,W/m2,LONGIRR,DCN 1342-00360,DCN 1341-00360,LONGIRR_L1,"[""METBK""]",L1,Downwelling Longwave Irradiance,"Air-Sea Interface, Surface Water",W/m2
not applicable,not applicable,not applicable,L2-SR-RQ-3022,Downwelling shortwave irradiance,DCN 1341-00360,0,Downwelling Shortwave Irradiance ,not applicable,not applicable,not applicable,not applicable,not applicable,,DCN 1342-00360,not applicable,not applicable,not applicable,not applicable,W/m2,SHRTIRR,DCN 1342-00360,DCN 1341-00360,SHRTIRR_L1,"[""METBK""]",L1,Downwelling Shortwave Irradiance,"Air-Sea Interface, Surface Water",W/m2
not applicable,not applicable,not applicable,L2-SR-RQ-3022,Downwelling shortwave irradiance,DCN 1341-00360,0,Downwelling Shortwave Irradiance ,not applicable,not applicable,not applicable,not applicable,not applicable,,DCN 1342-00360,not applicable,not applicable,not applicable,not applicable,W/m2,SHRTIRR,DCN 1342-00360,DCN 1341-00360,SHRTIRR_L0,"[""METBK""]",L0,Downwelling Shortwave Irradiance,"Air-Sea Interface, Surface Water",W/m2
not applicable,not applicable,not applicable,L2-SR-RQ-3051,Downwelling spectral irradiance,DCN 1341-00730,0,Downwelling Spectral Irradiance ,not applicable,not applicable,not applicable,not applicable,not applicable,,DCN 1342-00730,not applicable,not applicable,not applicable,not applicable,TBD,SPECTIR,DCN 1342-00730,DCN 1341-00730,SPECTIR_L1,"[""SPKIR""]",L1,Downwelling Spectral Irradiance,Water Column,??W*cm^-2*nm^-1
not applicable,not applicable,not applicable,L2-SR-RQ-3051,Downwelling spectral irradiance,DCN 1341-00730,0,Downwelling Spectral Irradiance ,not applicable,not applicable,not applicable,not applicable,not applicable,,DCN 1342-00730,not applicable,not applicable,not applicable,not applicable,TBD,SPECTIR,DCN 1342-00730,DCN 1341-00730,SPECTIR_L0,"[""SPKIR""]",L0,Downwelling Spectral Irradiance,Water Column,TBD
not applicable,not applicable,not applicable,L2-SR-RQ-3887,Velocity profile measurements shall provide a measure of acoustic backscatter intensity for each depth bin.,"[DCN 1341-00750|https://alfresco.oceanobservatories.org/alfresco/d/d/workspace/SpacesStore/7ea90727-c1b4-4d73-b565-0ae4227da451/1341-00750_Data_Product_SPEC_VELPROF_ECHOINT_OOI.pdf] (ADCPA, ADCPS, ADCPT), DCN 1341-00760 (VADCP)",0,Echo Intensity,not applicable,not applicable,not applicable,not applicable,not applicable,,"[DCN 1342-00750|https://alfresco.oceanobservatories.org/alfresco/d/d/workspace/SpacesStore/c1fb71ed-ec32-4035-9d7b-d8228b57f7b0/1342-00750_Data_Processing_Flow_ADCP_OOI.pdf] (ADCPA, ADCPS, ADCPT), DCN 1342-00760 (VADCP)",not applicable,not applicable,not applicable,not applicable,dB,ECHOINT,"DCN 1342-00750 (ADCPA, ADCPS, ADCPT), DCN 1342-00760 (VADCP)","DCN 1341-00750 (ADCPA, ADCPS, ADCPT), DCN 1341-00760 (VADCP)",ECHOINT_L1,"[""ADCPA"", ""ADCPS"", ""ADCPT"", ""VADCP""]",L1,Echo Intensity,Water Column,dB
not applicable,not applicable,not applicable,L2-SR-RQ-3887,Velocity profile measurements shall provide a measure of acoustic backscatter intensity for each depth bin.,"[DCN 1341-00750|https://alfresco.oceanobservatories.org/alfresco/d/d/workspace/SpacesStore/7ea90727-c1b4-4d73-b565-0ae4227da451/1341-00750_Data_Product_SPEC_VELPROF_ECHOINT_OOI.pdf] (ADCPA, ADCPS, ADCPT), DCN 1341-00760 (VADCP)",0,Echo Intensity,not applicable,not applicable,not applicable,not applicable,not applicable,,"[DCN 1342-00750|https://alfresco.oceanobservatories.org/alfresco/d/d/workspace/SpacesStore/c1fb71ed-ec32-4035-9d7b-d8228b57f7b0/1342-00750_Data_Processing_Flow_ADCP_OOI.pdf] (ADCPA, ADCPS, ADCPT), DCN 1342-00760 (VADCP)",not applicable,not applicable,not applicable,not applicable,dB,ECHOINT,"DCN 1342-00750 (ADCPA, ADCPS, ADCPT), DCN 1342-00760 (VADCP)","DCN 1341-00750 (ADCPA, ADCPS, ADCPT), DCN 1341-00760 (VADCP)",ECHOINT_L0,"[""ADCPA"", ""ADCPS"", ""ADCPT"", ""VADCP""]",L0,Echo Intensity,Water Column,dB
not applicable,not applicable,not applicable,L2-SR-RQ-3187,Colored Dissolved Organic Matter (CDOM) fluorescence,[DCN 1341-00550|https://alfresco.oceanobservatories.org/alfresco/d/d/workspace/SpacesStore/3a5d525b-59d8-4f1e-b901-20e43e6c8d26/1341-00550_Data_Product_SPEC_CDOMFLO_OOI.pdf],0,Fluorometric CDOM Concentration,not applicable,not applicable,not applicable,not applicable,not applicable,,[DCN 1342-00530|https://alfresco.oceanobservatories.org/alfresco/d/d/workspace/SpacesStore/555778c3-b51d-4a68-b472-ad45101dd509/1342-00530_Data_Processing_Flow_FLORT_OOI.pdf],not applicable,not applicable,not applicable,not applicable,counts,CDOMFLO,DCN 1342-00530,DCN 1341-00550,CDOMFLO_L1,"[""FLORT""]",L1,Fluorometric CDOM Concentration,Water Column,ppm
not applicable,not applicable,not applicable,L2-SR-RQ-3187,Colored Dissolved Organic Matter (CDOM) fluorescence,[DCN 1341-00550|https://alfresco.oceanobservatories.org/alfresco/d/d/workspace/SpacesStore/3a5d525b-59d8-4f1e-b901-20e43e6c8d26/1341-00550_Data_Product_SPEC_CDOMFLO_OOI.pdf],0,Fluorometric CDOM Concentration,not applicable,not applicable,not applicable,not applicable,not applicable,,[DCN 1342-00530|https://alfresco.oceanobservatories.org/alfresco/d/d/workspace/SpacesStore/555778c3-b51d-4a68-b472-ad45101dd509/1342-00530_Data_Processing_Flow_FLORT_OOI.pdf],not applicable,not applicable,not applicable,not applicable,counts,CDOMFLO,DCN 1342-00530,DCN 1341-00550,CDOMFLO_L0,"[""FLORT""]",L0,Fluorometric CDOM Concentration,Water Column,counts
not applicable,not applicable,not applicable,L2-SR-RQ-3185,Chlorophyll-a fluorescence,[DCN 1341-00530|https://alfresco.oceanobservatories.org/alfresco/d/d/workspace/SpacesStore/de7bff13-c7a6-4e50-8a13-8c9e52c9b83f/1341-00530_Data_Product_SPEC_CHLAFLO_OOI.pdf],0,Fluorometric Chlorophyll-a Concentration,not applicable,not applicable,not applicable,not applicable,not applicable,,"[DCN 1342-00531|https://alfresco.oceanobservatories.org/alfresco/d/d/workspace/SpacesStore/f06ae944-8f55-40c0-a410-3af93cc9f2c6/1342-00531_Data_Processing_Flow_FLORD_OOI.pdf] (FLORD), [DCN 1342-00530|https://alfresco.oceanobservatories.org/alfresco/d/d/workspace/SpacesStore/555778c3-b51d-4a68-b472-ad45101dd509/1342-00530_Data_Processing_Flow_FLORT_OOI.pdf] (FLORT)",not applicable,not applicable,not applicable,not applicable,counts,CHLAFLO,"DCN 1342-00531 (FLORD), DCN 1342-00530 (FLORT)",DCN 1341-00530,CHLAFLO_L1,"[""FLORD"", ""FLORT""]",L1,Fluorometric Chlorophyll-a Concentration,Water Column,ug/L
not applicable,not applicable,not applicable,L2-SR-RQ-3185,Chlorophyll-a fluorescence,[DCN 1341-00530|https://alfresco.oceanobservatories.org/alfresco/d/d/workspace/SpacesStore/de7bff13-c7a6-4e50-8a13-8c9e52c9b83f/1341-00530_Data_Product_SPEC_CHLAFLO_OOI.pdf],0,Fluorometric Chlorophyll-a Concentration,not applicable,not applicable,not applicable,not applicable,not applicable,,"[DCN 1342-00531|https://alfresco.oceanobservatories.org/alfresco/d/d/workspace/SpacesStore/f06ae944-8f55-40c0-a410-3af93cc9f2c6/1342-00531_Data_Processing_Flow_FLORD_OOI.pdf] (FLORD), [DCN 1342-00530|https://alfresco.oceanobservatories.org/alfresco/d/d/workspace/SpacesStore/555778c3-b51d-4a68-b472-ad45101dd509/1342-00530_Data_Processing_Flow_FLORT_OOI.pdf] (FLORT)",not applicable,not applicable,not applicable,not applicable,counts,CHLAFLO,"DCN 1342-00531 (FLORD), DCN 1342-00530 (FLORT)",DCN 1341-00530,CHLAFLO_L0,"[""FLORD"", ""FLORT""]",L0,Fluorometric Chlorophyll-a Concentration,Water Column,counts
not applicable,not applicable,not applicable,L2-SR-RQ-3032,flux of CO2,[DCN 1341-00270|https://alfresco.oceanobservatories.org/alfresco/d/d/workspace/SpacesStore/f13cc476-0dcf-4d5c-a0d6-2738ba48b86f/1341-00270_Data_Product_SPEC_CO2FLUX_OOI.pdf],2,Flux of CO2 from the Ocean into the Atmosphere,not applicable,applicable,not applicable,not applicable,not applicable,,[DCN 1342-00260|https://alfresco.oceanobservatories.org/alfresco/d/d/workspace/SpacesStore/057a2c02-c909-43c8-b0ef-102b4ad4f67e/1342-00260_PCO2A_Data_Processing_Flow_OOI.pdf],not applicable,applicable,applicable,not applicable,mol m-2 s-1,CO2FLUX,DCN 1342-00260,DCN 1341-00270,CO2FLUX_L2,"[""PCO2A""]",L2,Flux of CO2 from the Ocean into the Atmosphere,Air-Sea Interface,mol m-2 s-1
,,,,,,,,,,,,,,,,,,,,FRSHFLX,,,FRSHFLX_L2,"[""METBK""]",L2,Freshwater Flux,,m3/s
not applicable,not applicable,not applicable,L2-SR-RQ-3804,"Imagery, HD Video",DCN 1341-00840,1,HD Video Image,not applicable,not applicable,not applicable,not applicable,not applicable,These are not considered data to be archived - only live streaming,n/a,not applicable,not applicable,not applicable,not applicable,Lossless compression Image File,HDVIDEO,n/a,DCN 1341-00840,HDVIDEO_L1,"[""CAMHD""]",L1,HD Video Image,Seafloor/Crust,Lossless compression Image File
not applicable,not applicable,not applicable,L2-SR-RQ-3912,Horizontal Electrical Field,DCN 1341-00580,0,Horizontal Electric Fields,not applicable,not applicable,not applicable,not applicable,not applicable,,DCN 1342-00560,not applicable,not applicable,not applicable,not applicable,TBD,IES_HEF,DCN 1342-00560,DCN 1341-00580,IES_HEF_L0,"[""HPIES""]",L0,Horizontal Electric Fields,Water Column,TBD
not applicable,not applicable,not applicable,L2-SR-RQ-3912,Horizontal Electrical Field,DCN 1341-00580,0,Horizontal Electric Fields,not applicable,not applicable,not applicable,not applicable,not applicable,,DCN 1342-00560,not applicable,not applicable,not applicable,not applicable,TBD,IES_HEF,DCN 1342-00560,DCN 1341-00580,IES_HEF_L1,"[""HPIES""]",L1,Horizontal Electric Fields,Water Column,micro volt/cm
not applicable,not applicable,not applicable,L2-SR-RQ-3092,Vent Fluid pH-temperature-H2 chemistry,DCN 1341-00210,0,Hydrogen Concentration,not applicable,not applicable,not applicable,not applicable,not applicable,,DCN 1342-00120,not applicable,not applicable,not applicable,not applicable,V,THSPHHC,DCN 1342-00120,DCN 1341-00210,THSPHHC_L0,"[""THSPH""]",L0,Hydrogen Concentration,Seafloor/Crust,V
not applicable,not applicable,not applicable,L2-SR-RQ-3092,Vent Fluid pH-temperature-H2 chemistry,DCN 1341-00210,0,Hydrogen Concentration,not applicable,not applicable,not applicable,not applicable,not applicable,,DCN 1342-00120,not applicable,not applicable,not applicable,not applicable,V,THSPHHC,DCN 1342-00120,DCN 1341-00210,THSPHHC_L2,"[""THSPH""]",L2,Hydrogen Concentration,Seafloor/Crust,Moles/kg
not applicable,not applicable,not applicable,L2-SR-RQ-3092,Vent Fluid pH-temperature-H2 chemistry,DCN 1341-00200,0,Hydrogen Sulfide Concentration,not applicable,not applicable,not applicable,not applicable,not applicable,,DCN 1342-00120,not applicable,not applicable,not applicable,not applicable,V,THSPHHS,DCN 1342-00120,DCN 1341-00200,THSPHHS_L0,"[""THSPH""]",L0,Hydrogen Sulfide Concentration,Seafloor/Crust,V
not applicable,not applicable,not applicable,L2-SR-RQ-3092,Vent Fluid pH-temperature-H2 chemistry,DCN 1341-00200,0,Hydrogen Sulfide Concentration,not applicable,not applicable,not applicable,not applicable,not applicable,,DCN 1342-00120,not applicable,not applicable,not applicable,not applicable,V,THSPHHS,DCN 1342-00120,DCN 1341-00200,THSPHHS_L2,"[""THSPH""]",L2,Hydrogen Sulfide Concentration,Seafloor/Crust,Moles/kg
,,,,,,,,,,,,,,,,,,,,LATNFLX,,,LATNFLX_L2,"[""METBK""]",L2,Latent Heat Flux,,W/m2
,,,,,DCN 1341-00821,0,Low Frequency Acoustic pressure waves,,,,,,,DCN 1341-00821,,,,,,HYDAPLF,DCN 1341-00821,DCN 1341-00821,HYDAPLF_L1,"[""HYDLF""]",L1,Low Frequency Acoustic pressure waves,,
,,,,,DCN 1341-00821,0,Low Frequency Acoustic pressure waves,,,,,,,DCN 1341-00821,,,,,,HYDAPLF,DCN 1341-00821,DCN 1341-00821,HYDAPLF_L0,"[""HYDLF""]",L0,Low Frequency Acoustic pressure waves,,
not applicable,not applicable,not applicable,L2-SR-RQ-3085,Single Point Water Velocity,[DCN 1341-00790|https://alfresco.oceanobservatories.org/alfresco/d/d/workspace/SpacesStore/e47c753f-e4a4-4ed2-8ffa-7c7222246ecb/1341-00790_Data_Product_SPEC_VELPTMN_OOI.pdf],1,Mean Point Water Velocity,applicable,applicable,not applicable,applicable,not applicable,,[DCN 1342-00790|https://alfresco.oceanobservatories.org/alfresco/d/d/workspace/SpacesStore/5dbba582-f589-45d5-b024-804336240d75/1342-00790_Data_Processing_Flow_VELPT_OOI.pdf],not applicable,applicable,applicable,applicable,m/s,VELPTMN,DCN 1342-00790,DCN 1341-00790,VELPTMN_L1,"[""VELPT""]",L1,Mean Point Water Velocity,Water Column,m/s
not applicable,not applicable,not applicable,L2-SR-RQ-3027,Mean Wind Velocity,DCN 1341-00360,0,Mean Wind Velocity,not applicable,not applicable,not applicable,not applicable,not applicable,,DCN 1342-00360,not applicable,not applicable,not applicable,not applicable,m/s,WINDAVG,DCN 1342-00360,DCN 1341-00360,WINDAVG_L0,"[""METBK""]",L0,Mean Wind Velocity,"Air-Sea Interface, Surface Water",m/s
not applicable,not applicable,not applicable,L2-SR-RQ-3027,Mean Wind Velocity,DCN 1341-00360,0,Mean Wind Velocity,not applicable,not applicable,not applicable,not applicable,not applicable,,DCN 1342-00360,not applicable,not applicable,not applicable,not applicable,m/s,WINDAVG,DCN 1342-00360,DCN 1341-00360,WINDAVG_L1,"[""METBK""]",L1,Mean Wind Velocity,"Air-Sea Interface, Surface Water",m/s
,,,,,,2,Momentum Flux (Wind Stress) ,,,,,,,,,,,,N/m2,MOMMFLX,,,MOMMFLX_L2,"[""METBK""]",L2,Momentum Flux (Wind Stress),,N/m2
not applicable,not applicable,not applicable,L2-SR-RQ-3054,Acoustic Backscatter ,DCN 1341-00800,0,Multi-Frequency Acoustic Backscatter,not applicable,not applicable,not applicable,not applicable,not applicable,,DCN 1342-00800,not applicable,not applicable,not applicable,not applicable,TBD,SONBSCA,DCN 1342-00800,DCN 1341-00800,SONBSCA_L0,"[""ZPLSC"", ""ZPLSG""]",L0,Multi-Frequency Acoustic Backscatter,Water Column,TBD
not applicable,not applicable,not applicable,L2-SR-RQ-3054,Acoustic Backscatter ,DCN 1341-00800,0,Multi-Frequency Acoustic Backscatter,not applicable,not applicable,not applicable,not applicable,not applicable,,DCN 1342-00800,not applicable,not applicable,not applicable,not applicable,TBD,SONBSCA,DCN 1342-00800,DCN 1341-00800,SONBSCA_L1,"[""ZPLSC"", ""ZPLSG""]",L1,Multi-Frequency Acoustic Backscatter,Water Column,dB re 1(m^2 nmi^-2)
TBD,TBD,TBD,L2-SR-RQ-3084,Coupled near bottom pressure and tilt (Seafloor uplift/deflation),DCN 1341-00070,1,Nano-resolution Bottom Pressure,TBD,TBD,TBD,TBD,TBD,,DCN 1342-00060,TBD,TBD,TBD,TBD,nanoPascal,BOTPRES,DCN 1342-00060,DCN 1341-00070,BOTPRES_L1,"[""BOTPT""]",L1,Nano-resolution Bottom Pressure,Seafloor/Crust,nanoPascal
,,,,,,,,,,,,,,,,,,,,HEATFLX,,,HEATFLX_L2,"[""METBK""]",L2,Net Heat Flux,,W/m2
,,,,,,,,,,,,,,,,,,,,NETLIRR,,,NETLIRR_L2,"[""METBK""]",L2,Net Longwave Irradiance,,W/m2
,,,,,,,,,,,,,,,,,,,,NETSIRR,,,NETSIRR_L2,"[""METBK""]",L2,Net Shortwave Irradiance,,W/m2
TBD,TBD,TBD,L2-SR-RQ-3050,Nitrate,DCN 1341-00620,1,Nitrate Concentration,TBD,TBD,TBD,TBD,TBD,,DCN 1342-00620,TBD,TBD,TBD,TBD,??M,NITROPT,DCN 1342-00620,DCN 1341-00620,NITROPT_L1,"[""NUTNR""]",L1,Nitrate Concentration,Water Column,??M
not applicable,not applicable,not applicable,L2-SR-RQ-3090,Vent Fluid chloride concentrations,[DCN 1341-00170|https://alfresco.oceanobservatories.org/alfresco/d/d/workspace/SpacesStore/5c359aaa-9a4d-4f55-88d3-17a9c4e7082f/1341-00170_Data_Product_Spec_TRHPHEH_OOI.pdf],0,ORP Volts,not applicable,not applicable,not applicable,not applicable,not applicable,,[DCN 1342-00150|https://alfresco.oceanobservatories.org/alfresco/d/d/workspace/SpacesStore/54181509-329e-4ded-8081-7524d30aff49/1342-00150_Data_Processing_Flow_TRHPH_OOI.pdf],not applicable,not applicable,not applicable,not applicable,V,TRHPHVO,DCN 1342-00150,DCN 1341-00170,TRHPHVO_L0,"[""TRHPH""]",L0,ORP Volts,Seafloor/Crust,V
not applicable,not applicable,not applicable,Derived from design to achieve PCO2WAT,none,[DCN 1341-00487|https://alfresco.oceanobservatories.org/alfresco/d/d/workspace/SpacesStore/80a7f169-8d1d-47d1-96b8-1eef13f333a8/1341-00490_Data_Product_Spec_PCO2WAT_OOI.pdf],0,Optical Absorbance Ratio at 434nm,not applicable,not applicable,not applicable,not applicable,not applicable,,[DCN 1342-00490|https://alfresco.oceanobservatories.org/alfresco/d/d/workspace/SpacesStore/37041aff-4f16-4023-8b04-d3810ca2905f/1342-00490_PCO2W_Data_Processing_Flow_OOI.pdf],not applicable,not applicable,not applicable,not applicable,unitless,CO2ABS1,DCN 1342-00490,DCN 1341-00487,CO2ABS1_L0,"[""PCO2W""]",L0,Optical Absorbance Ratio at 434nm,Water Column,unitless
not applicable,not applicable,not applicable,Derived from design to achieve PCO2WAT,none,[DCN 1341-00488|https://alfresco.oceanobservatories.org/alfresco/d/d/workspace/SpacesStore/80a7f169-8d1d-47d1-96b8-1eef13f333a8/1341-00490_Data_Product_Spec_PCO2WAT_OOI.pdf],0,Optical Absorbance Ratio at 620nm,not applicable,not applicable,not applicable,not applicable,not applicable,,[DCN 1342-00490|https://alfresco.oceanobservatories.org/alfresco/d/d/workspace/SpacesStore/37041aff-4f16-4023-8b04-d3810ca2905f/1342-00490_PCO2W_Data_Processing_Flow_OOI.pdf],not applicable,not applicable,not applicable,not applicable,unitless,CO2ABS2,DCN 1342-00490,DCN 1341-00488,CO2ABS2_L0,"[""PCO2W""]",L0,Optical Absorbance Ratio at 620nm,Water Column,unitless
not applicable,not applicable,not applicable,Derived from design to achieve PHWATER,none,DCN 1341-00508,0,Optical Absorbance Signal Intensity at 434nm,not applicable,not applicable,not applicable,not applicable,not applicable,,DCN 1342-00510,not applicable,not applicable,not applicable,not applicable,unitless,PH434SI,DCN 1342-00510,DCN 1341-00508,PH434SI_L0,"[""PHSEN""]",L0,Optical Absorbance Signal Intensity at 434nm,Water Column,unitless
not applicable,not applicable,not applicable,Derived from design to achieve PHWATER,none,DCN 1341-00509,0,Optical Absorbance Signal Intensity at 578nm,not applicable,not applicable,not applicable,not applicable,not applicable,,DCN 1342-00510,not applicable,not applicable,not applicable,not applicable,unitless,PH578SI,DCN 1342-00510,DCN 1341-00509,PH578SI_L0,"[""PHSEN""]",L0,Optical Absorbance Signal Intensity at 578nm,Water Column,unitless
not applicable,not applicable,not applicable,L2-SR-RQ-3926,Optical Absorption,[DCN 1341-00700|https://alfresco.oceanobservatories.org/alfresco/d/d/workspace/SpacesStore/464dee40-a810-4fbc-bcd1-4874e787bbca/1341-00700_Data_Product_SPEC_OPTABSN_OOI.pdf],2,Optical Absorption Coefficient,applicable,applicable,not applicable,applicable,not applicable,,[DCN 1342-00690|https://alfresco.oceanobservatories.org/alfresco/d/d/workspace/SpacesStore/131c6f4a-e3fb-4f70-99b2-4a13c69b66eb/1342-00690_Data_Processing_Flow_OPTAA_OOI.pdf],not applicable,applicable,applicable,applicable,1/m,OPTABSN,DCN 1342-00690,DCN 1341-00700,OPTABSN_L2,"[""OPTAA""]",L2,Optical Absorption Coefficient,Water Column,1/m
not applicable,not applicable,not applicable,L2-SR-RQ-3059,Optical Backscatter,[DCN 1341-00540|https://alfresco.oceanobservatories.org/alfresco/d/d/workspace/SpacesStore/2872f757-3ac4-4401-9728-d6ded25c5fa6/1341-00540_Data_Product_SPEC_FLUBSCT_OOI.pdf],0,Optical Backscatter (Red Wavelengths),not applicable,not applicable,not applicable,not applicable,not applicable,,"[DCN 1342-00531|https://alfresco.oceanobservatories.org/alfresco/d/d/workspace/SpacesStore/f06ae944-8f55-40c0-a410-3af93cc9f2c6/1342-00531_Data_Processing_Flow_FLORD_OOI.pdf] (FLORD), [DCN 1342-00530|https://alfresco.oceanobservatories.org/alfresco/d/d/workspace/SpacesStore/555778c3-b51d-4a68-b472-ad45101dd509/1342-00530_Data_Processing_Flow_FLORT_OOI.pdf] (FLORT)",not applicable,not applicable,not applicable,not applicable,counts,FLUBSCT,"DCN 1342-00531 (FLORD), DCN 1342-00530 (FLORT)",DCN 1341-00540,FLUBSCT_L0,"[""FLORD"", ""FLORT""]",L0,Optical Backscatter (Red Wavelengths),Water Column,counts
not applicable,not applicable,not applicable,L2-SR-RQ-3059,Optical Backscatter,[DCN 1341-00540|https://alfresco.oceanobservatories.org/alfresco/d/d/workspace/SpacesStore/2872f757-3ac4-4401-9728-d6ded25c5fa6/1341-00540_Data_Product_SPEC_FLUBSCT_OOI.pdf],0,Optical Backscatter (Red Wavelengths),not applicable,not applicable,not applicable,not applicable,not applicable,,"[DCN 1342-00531|https://alfresco.oceanobservatories.org/alfresco/d/d/workspace/SpacesStore/f06ae944-8f55-40c0-a410-3af93cc9f2c6/1342-00531_Data_Processing_Flow_FLORD_OOI.pdf] (FLORD), [DCN 1342-00530|https://alfresco.oceanobservatories.org/alfresco/d/d/workspace/SpacesStore/555778c3-b51d-4a68-b472-ad45101dd509/1342-00530_Data_Processing_Flow_FLORT_OOI.pdf] (FLORT)",not applicable,not applicable,not applicable,not applicable,counts,FLUBSCT,"DCN 1342-00531 (FLORD), DCN 1342-00530 (FLORT)",DCN 1341-00540,FLUBSCT_L1,"[""FLORD"", ""FLORT""]",L1,Optical Backscatter (Red Wavelengths),Water Column,1/m
not applicable,not applicable,not applicable,L2-SR-RQ-3928,Optical Attenuation,[DCN 1341-00690|https://alfresco.oceanobservatories.org/alfresco/d/d/workspace/SpacesStore/28089882-716e-4fa8-b4b6-c703f5630882/1341-00690_Data_Product_SPEC_OPTATTN_OOI.pdf],2,Optical Beam Attenuation Coefficient,applicable,applicable,not applicable,applicable,not applicable,,[DCN 1342-00690|https://alfresco.oceanobservatories.org/alfresco/d/d/workspace/SpacesStore/131c6f4a-e3fb-4f70-99b2-4a13c69b66eb/1342-00690_Data_Processing_Flow_OPTAA_OOI.pdf],not applicable,applicable,applicable,applicable,1/m,OPTATTN,DCN 1342-00690,DCN 1341-00690,OPTATTN_L2,"[""OPTAA""]",L2,Optical Beam Attenuation Coefficient,Water Column,1/m
TBD,TBD,TBD,L2-SR-RQ-3048,Dissolved Oxygen,DCN 1341-00521,2,Oxygen Concentration from Fastrep DO Instrument,TBD,TBD,TBD,TBD,TBD,,DCN 1342-00521,TBD,TBD,TBD,TBD,uMol/l,DOCONCF,DCN 1342-00521,DCN 1341-00521,DOCONCF_L2,"[""DOFST""]",L2,Oxygen Concentration from Fastrep DO Instrument,Water Column,uMol/l
not applicable,not applicable,not applicable,L2-SR-RQ-3048,Dissolved Oxygen,[DCN 1341-00520|https://alfresco.oceanobservatories.org/alfresco/d/d/workspace/SpacesStore/97f4bfbb-b075-4b1d-993f-b1df24adf369/1341-00520_Data_Product_SPEC_DOCONCS_OOI.pdf],0,Oxygen Concentration from Stable DO Instrument,not applicable,not applicable,not applicable,not applicable,not applicable,,[DCN 1342-00520|https://alfresco.oceanobservatories.org/alfresco/d/d/workspace/SpacesStore/047d2339-e8e3-44c8-b1b7-4b4a575016b9/1342-00520_Data_Processing_Flow_DOSTA_OOI.pdf],not applicable,not applicable,not applicable,not applicable,degrees; degrees Celcius,DOCONCS,DCN 1342-00520,DCN 1341-00520,DOCONCS_L0,"[""DOSTA""]",L0,Oxygen Concentration from Stable DO Instrument,Water Column,degrees; degrees Celcius
not applicable,not applicable,not applicable,L2-SR-RQ-3048,Dissolved Oxygen,[DCN 1341-00520|https://alfresco.oceanobservatories.org/alfresco/d/d/workspace/SpacesStore/97f4bfbb-b075-4b1d-993f-b1df24adf369/1341-00520_Data_Product_SPEC_DOCONCS_OOI.pdf],0,Oxygen Concentration from Stable DO Instrument,not applicable,not applicable,not applicable,not applicable,not applicable,,[DCN 1342-00520|https://alfresco.oceanobservatories.org/alfresco/d/d/workspace/SpacesStore/047d2339-e8e3-44c8-b1b7-4b4a575016b9/1342-00520_Data_Processing_Flow_DOSTA_OOI.pdf],not applicable,not applicable,not applicable,not applicable,degrees; degrees Celcius,DOCONCS,DCN 1342-00520,DCN 1341-00520,DOCONCS_L2,"[""DOSTA""]",L2,Oxygen Concentration from Stable DO Instrument,Water Column,uMol/l
not applicable,not applicable,not applicable,Derived from design to achieve PCO2AIR,none,[DCN 1341-00260|https://alfresco.oceanobservatories.org/alfresco/d/d/workspace/SpacesStore/295440da-24e6-4279-90f5-03055a5b5a31/1341-00260_Data_Product_SPEC_PCO2SSW_PCO2ATM_OOI.pdf],0,PCO2A Gas Stream Pressure,not applicable,not applicable,not applicable,not applicable,not applicable,,[DCN 1342-00260|https://alfresco.oceanobservatories.org/alfresco/d/d/workspace/SpacesStore/057a2c02-c909-43c8-b0ef-102b4ad4f67e/1342-00260_PCO2A_Data_Processing_Flow_OOI.pdf],not applicable,not applicable,not applicable,not applicable,mbar,PRESAIR,DCN 1342-00260,DCN 1341-00260,PRESAIR_L0,"[""PCO2A""]",L0,PCO2A Gas Stream Pressure,Air-Sea Interface,mbar
not applicable,not applicable,not applicable,Derived from design to achieve PCO2WAT,none,[DCN 1341-00489|https://alfresco.oceanobservatories.org/alfresco/d/d/workspace/SpacesStore/80a7f169-8d1d-47d1-96b8-1eef13f333a8/1341-00490_Data_Product_Spec_PCO2WAT_OOI.pdf],0,PCO2W Thermistor Temperature,not applicable,not applicable,not applicable,not applicable,not applicable,,[DCN 1342-00490|https://alfresco.oceanobservatories.org/alfresco/d/d/workspace/SpacesStore/37041aff-4f16-4023-8b04-d3810ca2905f/1342-00490_PCO2W_Data_Processing_Flow_OOI.pdf],not applicable,not applicable,not applicable,not applicable,volts,CO2THRM,DCN 1342-00490,DCN 1341-00489,CO2THRM_L0,"[""PCO2W""]",L0,PCO2W Thermistor Temperature,Water Column,volts
not applicable,not applicable,not applicable,Derived from design to achieve PHWATER,none,DCN 1341-00507,0,PHSEN Thermistor Temperature,not applicable,not applicable,not applicable,not applicable,not applicable,,DCN 1342-00510,not applicable,not applicable,not applicable,not applicable,volts,ABSTHRM,DCN 1342-00510,DCN 1341-00507,ABSTHRM_L0,"[""PHSEN""]",L0,PHSEN Thermistor Temperature,Water Column,volts
not applicable,not applicable,not applicable,L2-SR-RQ-3023,pCO2 Air-Sea,[DCN 1341-00260|https://alfresco.oceanobservatories.org/alfresco/d/d/workspace/SpacesStore/295440da-24e6-4279-90f5-03055a5b5a31/1341-00260_Data_Product_SPEC_PCO2SSW_PCO2ATM_OOI.pdf],1,Partial Pressure of CO2 in Atmosphere,applicable,applicable,not applicable,not applicable,not applicable,,[DCN 1342-00260|https://alfresco.oceanobservatories.org/alfresco/d/d/workspace/SpacesStore/057a2c02-c909-43c8-b0ef-102b4ad4f67e/1342-00260_PCO2A_Data_Processing_Flow_OOI.pdf],not applicable,applicable,applicable,not applicable,??atm,PCO2ATM,DCN 1342-00260,DCN 1341-00260,PCO2ATM_L1,"[""PCO2A""]",L1,Partial Pressure of CO2 in Atmosphere,Air-Sea Interface,??atm
not applicable,not applicable,not applicable,L2-SR-RQ-3023,pCO2 Air-Sea,[DCN 1341-00260|https://alfresco.oceanobservatories.org/alfresco/d/d/workspace/SpacesStore/295440da-24e6-4279-90f5-03055a5b5a31/1341-00260_Data_Product_SPEC_PCO2SSW_PCO2ATM_OOI.pdf],1,Partial Pressure of CO2 in Surface Sea Water,applicable,applicable,not applicable,not applicable,not applicable,,[DCN 1342-00260|https://alfresco.oceanobservatories.org/alfresco/d/d/workspace/SpacesStore/057a2c02-c909-43c8-b0ef-102b4ad4f67e/1342-00260_PCO2A_Data_Processing_Flow_OOI.pdf],not applicable,applicable,applicable,not applicable,??atm,PCO2SSW,DCN 1342-00260,DCN 1341-00260,PCO2SSW_L1,"[""PCO2A""]",L1,Partial Pressure of CO2 in Surface Sea Water,Air-Sea Interface,??atm
not applicable,not applicable,not applicable,L2-SR-RQ-3049,pCO2 Seawater,[DCN 1341-00490|https://alfresco.oceanobservatories.org/alfresco/d/d/workspace/SpacesStore/80a7f169-8d1d-47d1-96b8-1eef13f333a8/1341-00490_Data_Product_Spec_PCO2WAT_OOI.pdf],1,Partial Pressure of CO2 in Water,applicable,applicable,not applicable,applicable,not applicable,,[DCN 1342-00490|https://alfresco.oceanobservatories.org/alfresco/d/d/workspace/SpacesStore/37041aff-4f16-4023-8b04-d3810ca2905f/1342-00490_PCO2W_Data_Processing_Flow_OOI.pdf],not applicable,applicable,applicable,not applicable,??atm,PCO2WAT,DCN 1342-00490,DCN 1341-00490,PCO2WAT_L1,"[""PCO2W""]",L1,Partial Pressure of CO2 in Water,Water Column,??atm
not applicable,not applicable,not applicable,L2-SR-RQ-3670,Photosynthically Available Radiation (PAR),"[DCN 1341-00720|https://alfresco.oceanobservatories.org/alfresco/d/d/workspace/SpacesStore/b6fe37ee-41e2-420a-aca3-41437edb78d4/1341-00720_Data_Product_SPEC_OPTPARW_Satl_OOI.pdf] (Satl), [DCN 1341-00721|https://alfresco.oceanobservatories.org/alfresco/d/d/workspace/SpacesStore/88fe21cf-a9ea-40ff-9cd7-8813057cae73/1341-00721_Data_Product_SPEC_OPTPARW_Bios_OOI.pdf] (Bios)",0,Photosynthetically Active Radiation (400-700 nm),not applicable,not applicable,not applicable,not applicable,not applicable,,[DCN 1342-00720|https://alfresco.oceanobservatories.org/alfresco/d/d/workspace/SpacesStore/134f177d-9604-476e-9039-f2e3dfb63331/1342-00720_Data_Processing_Flow_PARAD_OOI.pdf],not applicable,not applicable,not applicable,not applicable,"counts (Satl), volts (Bios)",OPTPARW,DCN 1342-00720,"DCN 1341-00720 (Satl), DCN 1341-00721 (Bios)",OPTPARW_L0,"[""PARAD""]",L0,Photosynthetically Active Radiation (400-700 nm),Water Column,"counts (Satl), volts (Bios)"
not applicable,not applicable,not applicable,L2-SR-RQ-3670,Photosynthically Available Radiation (PAR),"[DCN 1341-00720|https://alfresco.oceanobservatories.org/alfresco/d/d/workspace/SpacesStore/b6fe37ee-41e2-420a-aca3-41437edb78d4/1341-00720_Data_Product_SPEC_OPTPARW_Satl_OOI.pdf] (Satl), [DCN 1341-00721|https://alfresco.oceanobservatories.org/alfresco/d/d/workspace/SpacesStore/88fe21cf-a9ea-40ff-9cd7-8813057cae73/1341-00721_Data_Product_SPEC_OPTPARW_Bios_OOI.pdf] (Bios)",0,Photosynthetically Active Radiation (400-700 nm),not applicable,not applicable,not applicable,not applicable,not applicable,,[DCN 1342-00720|https://alfresco.oceanobservatories.org/alfresco/d/d/workspace/SpacesStore/134f177d-9604-476e-9039-f2e3dfb63331/1342-00720_Data_Processing_Flow_PARAD_OOI.pdf],not applicable,not applicable,not applicable,not applicable,"counts (Satl), volts (Bios)",OPTPARW,DCN 1342-00720,"DCN 1341-00720 (Satl), DCN 1341-00721 (Bios)",OPTPARW_L1,"[""PARAD""]",L1,Photosynthetically Active Radiation (400-700 nm),Water Column,??mol photons/m^2*s
not applicable,not applicable,not applicable,L2-SR-RQ-3088,Interactive Sampling for Vent Fluid Chemistry,"DCN 1341-00640 (OSMOI), DCN 1341-00641 (RASFL)",2,Physical Fluid Sample,not applicable,not applicable,not applicable,not applicable,not applicable,,n/a,not applicable,not applicable,not applicable,not applicable,No Direct Datastream to OOI,PHSSAMP,n/a,"DCN 1341-00640 (OSMOI), DCN 1341-00641 (RASFL)",PHSSAMP_L2,"[""OSMOI"", ""RASFL""]",L2,Physical Fluid Sample,Seafloor/Crust,No Direct Datastream to OOI
not applicable,not applicable,not applicable,L2-SR-RQ-3025,Relative humidity ,DCN 1341-00301,0,Platform Direction and Tilt (3 axes),not applicable,not applicable,not applicable,not applicable,not applicable,,"DCN 1342-00280 (FDHCP), DCN 1342-00290 (FDCLP)",not applicable,not applicable,not applicable,not applicable,"TBD (FDCHP), degree (from north or vertical) (FDCLP)",MOTFLUX,"DCN 1342-00280 (FDHCP), DCN 1342-00290 (FDCLP)",DCN 1341-00301,MOTFLUX_L0,"[""FDCHP"", ""FDCLP""]",L0,Platform Direction and Tilt (3 axes),Air-Sea Interface,"TBD (FDCHP), degree (from north or vertical) (FDCLP)"
not applicable,not applicable,not applicable,L2-SR-RQ-3064,Salinity,[DCN 1341-00040|https://alfresco.oceanobservatories.org/alfresco/d/d/workspace/SpacesStore/bab9685d-bb16-44c2-88a5-1e8e8f0508fe/1341-00040_Data_Product_SPEC_PRACSAL_OOI.pdf],2,Practical Salinity,not applicable,applicable,applicable,applicable,not applicable,,[DCN 1342-00010|https://alfresco.oceanobservatories.org/alfresco/d/d/workspace/SpacesStore/a2d4b90f-145f-44f6-bf03-6e720d87893c/1342-00010_Data_Processing_Flow_CTD_OOI.pdf],not applicable,applicable,applicable,not applicable,unitless,PRACSAL,DCN 1342-00010,DCN 1341-00040,PRACSAL_L2,"[""CTDAV"", ""CTDBP"", ""CTDGV"", ""CTDMO"", ""CTDPF""]",L2,Practical Salinity,Water Column,unitless
not applicable,not applicable,not applicable,L2-SR-RQ-3024,Precipitation,DCN 1341-00360,0,Precipitation,not applicable,not applicable,not applicable,not applicable,not applicable,,DCN 1342-00360,not applicable,not applicable,not applicable,not applicable,mm,PRECIPM,DCN 1342-00360,DCN 1341-00360,PRECIPM_L1,"[""METBK""]",L1,Precipitation,"Air-Sea Interface, Surface Water",mm
not applicable,not applicable,not applicable,L2-SR-RQ-3024,Precipitation,DCN 1341-00360,0,Precipitation,not applicable,not applicable,not applicable,not applicable,not applicable,,DCN 1342-00360,not applicable,not applicable,not applicable,not applicable,mm,PRECIPM,DCN 1342-00360,DCN 1341-00360,PRECIPM_L0,"[""METBK""]",L0,Precipitation,"Air-Sea Interface, Surface Water",mm
not applicable,not applicable,not applicable,L2-SR-RQ-3046,Pressure (Depth),[DCN 1341-00020|https://alfresco.oceanobservatories.org/alfresco/d/d/workspace/SpacesStore/542fd002-8a79-4681-a121-e8aa2b52fce1/1341-00020_Data_Product_SPEC_PRESWAT_OOI.pdf],0,Pressure (Depth),not applicable,not applicable,not applicable,not applicable,not applicable,,[DCN 1342-00010|https://alfresco.oceanobservatories.org/alfresco/d/d/workspace/SpacesStore/a2d4b90f-145f-44f6-bf03-6e720d87893c/1342-00010_Data_Processing_Flow_CTD_OOI.pdf],not applicable,not applicable,not applicable,not applicable,unitless,PRESWAT,DCN 1342-00010,DCN 1341-00020,PRESWAT_L1,"[""CTDAV"", ""CTDBP"", ""CTDGV"", ""CTDMO"", ""CTDPF""]",L1,Pressure (Depth),Water Column,Pa
not applicable,not applicable,not applicable,L2-SR-RQ-3046,Pressure (Depth),[DCN 1341-00020|https://alfresco.oceanobservatories.org/alfresco/d/d/workspace/SpacesStore/542fd002-8a79-4681-a121-e8aa2b52fce1/1341-00020_Data_Product_SPEC_PRESWAT_OOI.pdf],0,Pressure (Depth),not applicable,not applicable,not applicable,not applicable,not applicable,,[DCN 1342-00010|https://alfresco.oceanobservatories.org/alfresco/d/d/workspace/SpacesStore/a2d4b90f-145f-44f6-bf03-6e720d87893c/1342-00010_Data_Processing_Flow_CTD_OOI.pdf],not applicable,not applicable,not applicable,not applicable,unitless,PRESWAT,DCN 1342-00010,DCN 1341-00020,PRESWAT_L0,"[""CTDAV"", ""CTDBP"", ""CTDGV"", ""CTDMO"", ""CTDPF""]",L0,Pressure (Depth),Water Column,unitless
,,,,,,2,Rain Heat Flux,,,,,,,,,,,,W/m2,RAINFLX,,,RAINFLX_L2,"[""METBK""]",L2,Rain Heat Flux,,W/m2
,,,,,,2,Rain rate,,,,,,,,,,,,mm/hr,RAINRTE,,,RAINRTE_L2,"[""METBK""]",L2,Rain rate,,mm/hr
not applicable,not applicable,not applicable,"L2-SR-RQ-3926, L2-SR-RQ-3928","Optical Absorption, Optical Attenuation","[DCN 1341-00690|https://alfresco.oceanobservatories.org/alfresco/d/d/workspace/SpacesStore/28089882-716e-4fa8-b4b6-c703f5630882/1341-00690_Data_Product_SPEC_OPTATTN_OOI.pdf], [DCN 1341-00700|https://alfresco.oceanobservatories.org/alfresco/d/d/workspace/SpacesStore/464dee40-a810-4fbc-bcd1-4874e787bbca/1341-00700_Data_Product_SPEC_OPTABSN_OOI.pdf]",0,Reference Beam Attenuation,not applicable,not applicable,not applicable,not applicable,not applicable,,[DCN 1342-00690|https://alfresco.oceanobservatories.org/alfresco/d/d/workspace/SpacesStore/131c6f4a-e3fb-4f70-99b2-4a13c69b66eb/1342-00690_Data_Processing_Flow_OPTAA_OOI.pdf],not applicable,not applicable,not applicable,not applicable,unitless,OPTCREF,DCN 1342-00690,"DCN 1341-00690, DCN 1341-00700",OPTCREF_L0,"[""OPTAA""]",L0,Reference Beam Attenuation,Water Column,unitless
not applicable,not applicable,not applicable,L2-SR-RQ-3025,Relative humidity ,"DCN 1341-00280 (FDCHP), DCN 1341-00360 (METBK)",0,Relative Humidity,not applicable,not applicable,not applicable,not applicable,not applicable,,"DCN 1342-00280 (FDCHP), DCN 1342-00360 (METBK)",not applicable,not applicable,not applicable,not applicable,"TBD (FDCHP), % (METBK)",RELHUMI,"DCN 1342-00280 (FDCHP), DCN 1342-00360 (METBK)","DCN 1341-00280 (FDCHP), DCN 1341-00360 (METBK)",RELHUMI_L1,"[""FDCHP"", ""METBK""]",L1,Relative Humidity,"Air-Sea Interface, Surface Water",%
not applicable,not applicable,not applicable,L2-SR-RQ-3025,Relative humidity ,"DCN 1341-00280 (FDCHP), DCN 1341-00360 (METBK)",0,Relative Humidity,not applicable,not applicable,not applicable,not applicable,not applicable,,"DCN 1342-00280 (FDCHP), DCN 1342-00360 (METBK)",not applicable,not applicable,not applicable,not applicable,"TBD (FDCHP), % (METBK)",RELHUMI,"DCN 1342-00280 (FDCHP), DCN 1342-00360 (METBK)","DCN 1341-00280 (FDCHP), DCN 1341-00360 (METBK)",RELHUMI_L0,"[""FDCHP"", ""METBK""]",L0,Relative Humidity,"Air-Sea Interface, Surface Water","TBD (FDCHP), % (METBK)"
not applicable,not applicable,not applicable,L2-SR-RQ-3090,Vent Fluid chloride concentrations,[DCN 1341-00160|https://alfresco.oceanobservatories.org/alfresco/d/d/workspace/SpacesStore/6879d629-e938-4546-8ed6-edd67583aa5f/1341-00160_Data_Product_Spec_TRHPHCC_OOI.pdf],0,Resistivity R1,not applicable,not applicable,not applicable,not applicable,not applicable,,[DCN 1342-00150|https://alfresco.oceanobservatories.org/alfresco/d/d/workspace/SpacesStore/54181509-329e-4ded-8081-7524d30aff49/1342-00150_Data_Processing_Flow_TRHPH_OOI.pdf],not applicable,not applicable,not applicable,not applicable,"Ohm, raw voltage",TRHPHR1,DCN 1342-00150,DCN 1341-00160,TRHPHR1_L0,"[""TRHPH""]",L0,Resistivity R1,Seafloor/Crust,"Ohm, raw voltage"
not applicable,not applicable,not applicable,L2-SR-RQ-3090,Vent Fluid chloride concentrations,[DCN 1341-00160|https://alfresco.oceanobservatories.org/alfresco/d/d/workspace/SpacesStore/6879d629-e938-4546-8ed6-edd67583aa5f/1341-00160_Data_Product_Spec_TRHPHCC_OOI.pdf],0,Resistivity R2,not applicable,not applicable,not applicable,not applicable,not applicable,,[DCN 1342-00150|https://alfresco.oceanobservatories.org/alfresco/d/d/workspace/SpacesStore/54181509-329e-4ded-8081-7524d30aff49/1342-00150_Data_Processing_Flow_TRHPH_OOI.pdf],not applicable,not applicable,not applicable,not applicable,"Ohm, raw voltage",TRHPHR2,DCN 1342-00150,DCN 1341-00160,TRHPHR2_L0,"[""TRHPH""]",L0,Resistivity R2,Seafloor/Crust,"Ohm, raw voltage"
not applicable,not applicable,not applicable,L2-SR-RQ-3090,Vent Fluid chloride concentrations,[DCN 1341-00160|https://alfresco.oceanobservatories.org/alfresco/d/d/workspace/SpacesStore/6879d629-e938-4546-8ed6-edd67583aa5f/1341-00160_Data_Product_Spec_TRHPHCC_OOI.pdf],0,Resistivity R3,not applicable,not applicable,not applicable,not applicable,not applicable,,[DCN 1342-00150|https://alfresco.oceanobservatories.org/alfresco/d/d/workspace/SpacesStore/54181509-329e-4ded-8081-7524d30aff49/1342-00150_Data_Processing_Flow_TRHPH_OOI.pdf],not applicable,not applicable,not applicable,not applicable,"Ohm, raw voltage",TRHPHR3,DCN 1342-00150,DCN 1341-00160,TRHPHR3_L0,"[""TRHPH""]",L0,Resistivity R3,Seafloor/Crust,"Ohm, raw voltage"
not applicable,not applicable,not applicable,L2-SR-RQ-3593,Round Trip Acoustic Travel Time (RATT),DCN 1341-00560,0,Roundtrip Acoustic Travel Time (RATT),not applicable,not applicable,not applicable,not applicable,not applicable,,DCN 1342-00560,not applicable,not applicable,not applicable,not applicable,TBD,IESRATT,DCN 1342-00560,DCN 1341-00560,IESRATT_L1,"[""HPIES""]",L1,Roundtrip Acoustic Travel Time (RATT),Water Column,milliseconds
not applicable,not applicable,not applicable,L2-SR-RQ-3593,Round Trip Acoustic Travel Time (RATT),DCN 1341-00560,0,Roundtrip Acoustic Travel Time (RATT),not applicable,not applicable,not applicable,not applicable,not applicable,,DCN 1342-00560,not applicable,not applicable,not applicable,not applicable,TBD,IESRATT,DCN 1342-00560,DCN 1341-00560,IESRATT_L0,"[""HPIES""]",L0,Roundtrip Acoustic Travel Time (RATT),Water Column,TBD
not applicable,not applicable,not applicable,"L2-SR-RQ-3413, L2-SR-RQ-3711",The OOI shall provide fixed measurements of Sea Surface Conductivity.,DCN 1341-00360,0,Sea Surface Conductivity,not applicable,not applicable,not applicable,not applicable,not applicable,,DCN 1342-00360,not applicable,not applicable,not applicable,not applicable,S/m,CONDSRF,DCN 1342-00360,DCN 1341-00360,CONDSRF_L0,"[""METBK""]",L0,Sea Surface Conductivity,"Air-Sea Interface, Surface Water",S/m
not applicable,not applicable,not applicable,"L2-SR-RQ-3413, L2-SR-RQ-3711",The OOI shall provide fixed measurements of Sea Surface Conductivity.,DCN 1341-00360,0,Sea Surface Conductivity,not applicable,not applicable,not applicable,not applicable,not applicable,,DCN 1342-00360,not applicable,not applicable,not applicable,not applicable,S/m,CONDSRF,DCN 1342-00360,DCN 1341-00360,CONDSRF_L1,"[""METBK""]",L1,Sea Surface Conductivity,"Air-Sea Interface, Surface Water",S/m
,,,,,,2,Sea Surface Salinity ,,,,,,,,,,,,unitless,SALSURF,,,SALSURF_L2,"[""METBK""]",L2,Sea Surface Salinity,,unitless
not applicable,not applicable,not applicable,"L2-SR-RQ-3416, L2-SR-RQ-3708",The OOI shall provide fixed measurements of Sea Surface Temperature.,DCN 1341-00360,0,Sea Surface Temperature,not applicable,not applicable,not applicable,not applicable,not applicable,,DCN 1342-00360,not applicable,not applicable,not applicable,not applicable,degree C,TEMPSRF,DCN 1342-00360,DCN 1341-00360,TEMPSRF_L0,"[""METBK""]",L0,Sea Surface Temperature,"Air-Sea Interface, Surface Water",degree C
not applicable,not applicable,not applicable,"L2-SR-RQ-3416, L2-SR-RQ-3708",The OOI shall provide fixed measurements of Sea Surface Temperature.,DCN 1341-00360,0,Sea Surface Temperature,not applicable,not applicable,not applicable,not applicable,not applicable,,DCN 1342-00360,not applicable,not applicable,not applicable,not applicable,degree C,TEMPSRF,DCN 1342-00360,DCN 1341-00360,TEMPSRF_L1,"[""METBK""]",L1,Sea Surface Temperature,"Air-Sea Interface, Surface Water",degree C
not applicable,not applicable,not applicable,L2-SR-RQ-3084,Coupled near bottom pressure and tilt (Seafloor uplift/deflation),DCN 1341-00060,0,Seafloor High-Resolution Tilt,not applicable,not applicable,not applicable,not applicable,not applicable,,DCN 1342-00060,not applicable,not applicable,not applicable,not applicable,microradians,BOTTILT,DCN 1342-00060,DCN 1341-00060,BOTTILT_L1,"[""BOTPT""]",L1,Seafloor High-Resolution Tilt,Seafloor/Crust,microradians
not applicable,not applicable,not applicable,L2-SR-RQ-3084,Coupled near bottom pressure and tilt (Seafloor uplift/deflation),DCN 1341-00060,0,Seafloor High-Resolution Tilt,not applicable,not applicable,not applicable,not applicable,not applicable,,DCN 1342-00060,not applicable,not applicable,not applicable,not applicable,microradians,BOTTILT,DCN 1342-00060,DCN 1341-00060,BOTTILT_L0,"[""BOTPT""]",L0,Seafloor High-Resolution Tilt,Seafloor/Crust,microradians
TBD,TBD,TBD,L2-SR-RQ-3083,Bottom Pressure,"DCN 1341-00230 (PRESF), DCN 1341-00231 (PREST)",1,Seafloor Pressure,TBD,TBD,TBD,TBD,TBD,,"DCN 1342-00230 (PRESF), DCN 1342-00231 (PREST)",TBD,TBD,TBD,TBD,Pa,SFLPRES,"DCN 1342-00230 (PRESF), DCN 1342-00231 (PREST)","DCN 1341-00230 (PRESF), DCN 1341-00231 (PREST)",SFLPRES_L1,"[""PRESF"", ""PREST""]",L1,Seafloor Pressure,Seafloor/Crust,Pa
TBD,TBD,TBD,L2-SR-RQ-3084,Coupled near bottom pressure and tilt (Seafloor uplift/deflation),DCN 1341-00080,2,Seafloor Uplift and Deflation,TBD,TBD,TBD,TBD,TBD,,DCN 1342-00060,TBD,TBD,TBD,TBD,meters,BOTSFLU,DCN 1342-00060,DCN 1341-00080,BOTSFLU_L2,"[""BOTPT""]",L2,Seafloor Uplift and Deflation,Seafloor/Crust,meters
,,,,,,,,,,,,,,,,,,,,SENSFLX,,,SENSFLX_L2,"[""METBK""]",L2,Sensible Heat Flux,,W/m2
TBD,TBD,TBD,L2-SR-RQ-3100,Short period ground motion,DCN 1341-00110,1,Short Period Ground Velocity,TBD,TBD,TBD,TBD,TBD,,DCN 1342-00110,TBD,TBD,TBD,TBD,m/s,SGRDVEL,DCN 1342-00110,DCN 1341-00110,SGRDVEL_L1,"[""OBSSP""]",L1,Short Period Ground Velocity,Seafloor/Crust,m/s
not applicable,not applicable,not applicable,"L2-SR-RQ-3926, L2-SR-RQ-3928","Optical Absorption, Optical Attenuation","[DCN 1341-00690|https://alfresco.oceanobservatories.org/alfresco/d/d/workspace/SpacesStore/28089882-716e-4fa8-b4b6-c703f5630882/1341-00690_Data_Product_SPEC_OPTATTN_OOI.pdf], [DCN 1341-00700|https://alfresco.oceanobservatories.org/alfresco/d/d/workspace/SpacesStore/464dee40-a810-4fbc-bcd1-4874e787bbca/1341-00700_Data_Product_SPEC_OPTABSN_OOI.pdf]",0,Signal Beam Attenuation,not applicable,not applicable,not applicable,not applicable,not applicable,,[DCN 1342-00690|https://alfresco.oceanobservatories.org/alfresco/d/d/workspace/SpacesStore/131c6f4a-e3fb-4f70-99b2-4a13c69b66eb/1342-00690_Data_Processing_Flow_OPTAA_OOI.pdf],not applicable,not applicable,not applicable,not applicable,unitless,OPTCSIG,DCN 1342-00690,"DCN 1341-00690, DCN 1341-00700",OPTCSIG_L0,"[""OPTAA""]",L0,Signal Beam Attenuation,Water Column,unitless
TBD,TBD,TBD,L2-SR-RQ-3179 ,Specific Humidity,DCN 1341-00370,2,Specific Humidity,TBD,TBD,TBD,TBD,TBD,,DCN 1342-00360,TBD,TBD,TBD,TBD,%,SPECHUM,DCN 1342-00360,DCN 1341-00370,SPECHUM_L2,"[""METBK""]",L2,Specific Humidity,"Air-Sea Interface, Surface Water",%
,,,,,,2,Specific Humidity at 2 m,,,,,,,,,,,,%,SPHUM2M,,,SPHUM2M_L2,"[""METBK""]",L2,Specific Humidity at 2 m,,%
not applicable,not applicable,not applicable,L2-SR-RQ-3805,"Imagery, Still",DCN 1341-00830,1,Still Image ,not applicable,not applicable,not applicable,not applicable,not applicable,,n/a,not applicable,not applicable,not applicable,not applicable,Lossless compression Image File,CAMSTIL,n/a,DCN 1341-00830,CAMSTIL_L1,"[""CAMDS""]",L1,Still Image,"Benthic Boundary Layer, Seafloor/Crust",Lossless compression Image File
not applicable,not applicable,not applicable,L2-SR-RQ-3094,In Situ Mass-Resolved Dissolved Gas Chemistry,DCN 1341-00240,0,Suite of Dissolved Gas Measurements (10-20 individual gases) vs. Time ,not applicable,not applicable,not applicable,not applicable,not applicable,,DCN 1342-00240,not applicable,not applicable,not applicable,not applicable,TBD,MASSPEC,DCN 1342-00240,DCN 1341-00240,MASSPEC_L1,"[""MASSP""]",L1,Suite of Dissolved Gas Measurements (10-20 individual gases) vs. Time,Seafloor/Crust,uM and daltons
not applicable,not applicable,not applicable,L2-SR-RQ-3094,In Situ Mass-Resolved Dissolved Gas Chemistry,DCN 1341-00240,0,Suite of Dissolved Gas Measurements (10-20 individual gases) vs. Time ,not applicable,not applicable,not applicable,not applicable,not applicable,,DCN 1342-00240,not applicable,not applicable,not applicable,not applicable,TBD,MASSPEC,DCN 1342-00240,DCN 1341-00240,MASSPEC_L0,"[""MASSP""]",L0,Suite of Dissolved Gas Measurements (10-20 individual gases) vs. Time,Seafloor/Crust,TBD
not applicable,not applicable,not applicable,L2-SR-RQ-3044,Water Temperature,[DCN 1341-00010|https://alfresco.oceanobservatories.org/alfresco/d/d/workspace/SpacesStore/009f4f2f-55ea-46af-b980-e8f612a5831d/1341-00010_Data_Product_SPEC_TEMPWAT_OOI.pdf],0,Temperature,not applicable,not applicable,not applicable,not applicable,not applicable,,[DCN 1342-00010|https://alfresco.oceanobservatories.org/alfresco/d/d/workspace/SpacesStore/a2d4b90f-145f-44f6-bf03-6e720d87893c/1342-00010_Data_Processing_Flow_CTD_OOI.pdf],not applicable,not applicable,not applicable,not applicable,unitless,TEMPWAT,DCN 1342-00010,DCN 1341-00010,TEMPWAT_L1,"[""CTDAV"", ""CTDBP"", ""CTDGV"", ""CTDMO"", ""CTDPF""]",L1,Temperature,Water Column,degrees C
not applicable,not applicable,not applicable,L2-SR-RQ-3044,Water Temperature,[DCN 1341-00010|https://alfresco.oceanobservatories.org/alfresco/d/d/workspace/SpacesStore/009f4f2f-55ea-46af-b980-e8f612a5831d/1341-00010_Data_Product_SPEC_TEMPWAT_OOI.pdf],0,Temperature,not applicable,not applicable,not applicable,not applicable,not applicable,,[DCN 1342-00010|https://alfresco.oceanobservatories.org/alfresco/d/d/workspace/SpacesStore/a2d4b90f-145f-44f6-bf03-6e720d87893c/1342-00010_Data_Processing_Flow_CTD_OOI.pdf],not applicable,not applicable,not applicable,not applicable,unitless,TEMPWAT,DCN 1342-00010,DCN 1341-00010,TEMPWAT_L0,"[""CTDAV"", ""CTDBP"", ""CTDGV"", ""CTDMO"", ""CTDPF""]",L0,Temperature,Water Column,unitless
not applicable,not applicable,not applicable,L2-SR-RQ-3101,Diffuse Vent Fluid 3-Dimensional Temperature Array,DCN 1341-00130,0,Temperature Array in Spatial Grid,not applicable,not applicable,not applicable,not applicable,not applicable,,DCN 1342-00130,not applicable,not applicable,not applicable,not applicable,TBD,TEMPSFL,DCN 1342-00130,DCN 1341-00130,TEMPSFL_L0,"[""TMPSF""]",L0,Temperature Array in Spatial Grid,Seafloor/Crust,TBD
not applicable,not applicable,not applicable,L2-SR-RQ-3101,Diffuse Vent Fluid 3-Dimensional Temperature Array,DCN 1341-00130,0,Temperature Array in Spatial Grid,not applicable,not applicable,not applicable,not applicable,not applicable,,DCN 1342-00130,not applicable,not applicable,not applicable,not applicable,TBD,TEMPSFL,DCN 1342-00130,DCN 1341-00130,TEMPSFL_L1,"[""TMPSF""]",L1,Temperature Array in Spatial Grid,Seafloor/Crust,C
not applicable,not applicable,not applicable,"L2-SR-RQ-3926, L2-SR-RQ-3928","Optical Absorption, Optical Attenuation","[DCN 1341-00690|https://alfresco.oceanobservatories.org/alfresco/d/d/workspace/SpacesStore/28089882-716e-4fa8-b4b6-c703f5630882/1341-00690_Data_Product_SPEC_OPTATTN_OOI.pdf], [DCN 1341-00700|https://alfresco.oceanobservatories.org/alfresco/d/d/workspace/SpacesStore/464dee40-a810-4fbc-bcd1-4874e787bbca/1341-00700_Data_Product_SPEC_OPTABSN_OOI.pdf]",0,Temperature from OPTAA,not applicable,not applicable,not applicable,not applicable,not applicable,,[DCN 1342-00690|https://alfresco.oceanobservatories.org/alfresco/d/d/workspace/SpacesStore/131c6f4a-e3fb-4f70-99b2-4a13c69b66eb/1342-00690_Data_Processing_Flow_OPTAA_OOI.pdf],not applicable,not applicable,not applicable,not applicable,degrees C,OPTTEMP,DCN 1342-00690,"DCN 1341-00690, DCN 1341-00700",OPTTEMP_L0,"[""OPTAA""]",L0,Temperature from OPTAA,Water Column,degrees C
not applicable,not applicable,not applicable,L2-SR-RQ-3090,Vent Fluid chloride concentrations,[DCN 1341-00150|https://alfresco.oceanobservatories.org/alfresco/d/d/workspace/SpacesStore/23624e5a-09c7-4aaf-b681-04584c9f9e48/1341-00150_Data_Product_Spec_TRHPHTE_OOI.pdf],0,Thermistor Temperature,not applicable,not applicable,not applicable,not applicable,not applicable,,[DCN 1342-00150|https://alfresco.oceanobservatories.org/alfresco/d/d/workspace/SpacesStore/54181509-329e-4ded-8081-7524d30aff49/1342-00150_Data_Processing_Flow_TRHPH_OOI.pdf],not applicable,not applicable,not applicable,not applicable,V,TRHPHVS,DCN 1342-00150,DCN 1341-00150,TRHPHVS_L0,"[""TRHPH""]",L0,Thermistor Temperature,Seafloor/Crust,V
not applicable,not applicable,not applicable,L2-SR-RQ-3090,Vent Fluid chloride concentrations,[DCN 1341-00150|https://alfresco.oceanobservatories.org/alfresco/d/d/workspace/SpacesStore/23624e5a-09c7-4aaf-b681-04584c9f9e48/1341-00150_Data_Product_Spec_TRHPHTE_OOI.pdf],0,Thermocouple Temperature,not applicable,not applicable,not applicable,not applicable,not applicable,,[DCN 1342-00150|https://alfresco.oceanobservatories.org/alfresco/d/d/workspace/SpacesStore/54181509-329e-4ded-8081-7524d30aff49/1342-00150_Data_Processing_Flow_TRHPH_OOI.pdf],not applicable,not applicable,not applicable,not applicable,V,TRHPHVC,DCN 1342-00150,DCN 1341-00150,TRHPHVC_L0,"[""TRHPH""]",L0,Thermocouple Temperature,Seafloor/Crust,V
not applicable,not applicable,not applicable,L2-SR-RQ-3894,Turbulent Air Temperature,DCN 1341-00290,0,Turbulent Air Temperature,not applicable,not applicable,not applicable,not applicable,not applicable,,"DCN 1342-00280 (FDCHP), DCN 1342-00290 (FDCLP)",not applicable,not applicable,not applicable,not applicable,TBD,TMPATUR,"DCN 1342-00280 (FDCHP), DCN 1342-00290 (FDCLP)",DCN 1341-00290,TMPATUR_L0,"[""FDCHP"", ""FDCLP""]",L0,Turbulent Air Temperature,Air-Sea Interface,TBD
not applicable,not applicable,not applicable,L2-SR-RQ-3894,Turbulent Air Temperature,DCN 1341-00290,0,Turbulent Air Temperature,not applicable,not applicable,not applicable,not applicable,not applicable,,"DCN 1342-00280 (FDCHP), DCN 1342-00290 (FDCLP)",not applicable,not applicable,not applicable,not applicable,TBD,TMPATUR,"DCN 1342-00280 (FDCHP), DCN 1342-00290 (FDCLP)",DCN 1341-00290,TMPATUR_L1,"[""FDCHP"", ""FDCLP""]",L1,Turbulent Air Temperature,Air-Sea Interface,degree C
not applicable,not applicable,not applicable,L2-SR-RQ-3899,Turbulent Humidity Fluctuations,DCN 1341-00300,0,Turbulent Humidity Fluctuation,not applicable,not applicable,not applicable,not applicable,not applicable,,"DCN 1342-00280 (FDHCP), DCN 1342-00290 (FDCLP)",not applicable,not applicable,not applicable,not applicable,TBD,MOISTUR,"DCN 1342-00280 (FDHCP), DCN 1342-00290 (FDCLP)",DCN 1341-00300,MOISTUR_L0,"[""FDCHP"", ""FDCLP""]",L0,Turbulent Humidity Fluctuation,Air-Sea Interface,TBD
not applicable,not applicable,not applicable,L2-SR-RQ-3899,Turbulent Humidity Fluctuations,DCN 1341-00300,0,Turbulent Humidity Fluctuation,not applicable,not applicable,not applicable,not applicable,not applicable,,"DCN 1342-00280 (FDHCP), DCN 1342-00290 (FDCLP)",not applicable,not applicable,not applicable,not applicable,TBD,MOISTUR,"DCN 1342-00280 (FDHCP), DCN 1342-00290 (FDCLP)",DCN 1341-00300,MOISTUR_L1,"[""FDCHP"", ""FDCLP""]",L1,Turbulent Humidity Fluctuation,Air-Sea Interface,%
not applicable,not applicable,not applicable,L2-SR-RQ-3058,Turbulent Point Water Velocity,"[DCN 1341-00781|https://alfresco.oceanobservatories.org/alfresco/d/d/workspace/SpacesStore/ff4b0896-321e-4811-9137-400a75b0b908/1341-00781_Data_Product_SPEC_VELPTTU_Nobska_OOI.pdf] (Nobska), [DCN 1341-00780|https://alfresco.oceanobservatories.org/alfresco/d/d/workspace/SpacesStore/969c8edd-d2c7-493d-abbb-e59198941942/1341-00780_Data_Product_SPEC_VELPTTU_Nortek_OOI.pdf] (Nortek)",0,Turbulent Point Water Velocity,not applicable,not applicable,not applicable,not applicable,not applicable,,[DCN 1342-00780|https://alfresco.oceanobservatories.org/alfresco/d/d/workspace/SpacesStore/75d9e7c6-40cd-40de-95f1-d5491b0bc42f/1342-00780_Data_Processing_Flow_VEL3D_OOI.pdf],not applicable,not applicable,not applicable,not applicable,"cm/s (Nobska), m/s (Nortek)",VELPTTU,DCN 1342-00780,"DCN 1341-00781 (Nobska), DCN 1341-00780 (Nortek)",VELPTTU_L1,"[""VEL3D""]",L1,Turbulent Point Water Velocity,"Water Column, Seafloor/Crust",m/s
not applicable,not applicable,not applicable,L2-SR-RQ-3058,Turbulent Point Water Velocity,"[DCN 1341-00781|https://alfresco.oceanobservatories.org/alfresco/d/d/workspace/SpacesStore/ff4b0896-321e-4811-9137-400a75b0b908/1341-00781_Data_Product_SPEC_VELPTTU_Nobska_OOI.pdf] (Nobska), [DCN 1341-00780|https://alfresco.oceanobservatories.org/alfresco/d/d/workspace/SpacesStore/969c8edd-d2c7-493d-abbb-e59198941942/1341-00780_Data_Product_SPEC_VELPTTU_Nortek_OOI.pdf] (Nortek)",0,Turbulent Point Water Velocity,not applicable,not applicable,not applicable,not applicable,not applicable,,[DCN 1342-00780|https://alfresco.oceanobservatories.org/alfresco/d/d/workspace/SpacesStore/75d9e7c6-40cd-40de-95f1-d5491b0bc42f/1342-00780_Data_Processing_Flow_VEL3D_OOI.pdf],not applicable,not applicable,not applicable,not applicable,"cm/s (Nobska), m/s (Nortek)",VELPTTU,DCN 1342-00780,"DCN 1341-00781 (Nobska), DCN 1341-00780 (Nortek)",VELPTTU_L0,"[""VEL3D""]",L0,Turbulent Point Water Velocity,"Water Column, Seafloor/Crust","cm/s (Nobska), m/s (Nortek)"
TBD,TBD,TBD,L2-SR-RQ-3060,Turbulent Water Velocity Profile,DCN 1341-00760,1,Turbulent Velocity Profile,TBD,TBD,TBD,TBD,TBD,,DCN 1342-00760,TBD,TBD,TBD,TBD,m/s,VELTURB,DCN 1342-00760,DCN 1341-00760,VELTURB_L1,"[""VADCP""]",L1,Turbulent Velocity Profile,Water Column,m/s
not applicable,not applicable,not applicable,L2-SR-RQ-3757,Water Velocity Profile,[DCN 1341-00750|https://alfresco.oceanobservatories.org/alfresco/d/d/workspace/SpacesStore/7ea90727-c1b4-4d73-b565-0ae4227da451/1341-00750_Data_Product_SPEC_VELPROF_ECHOINT_OOI.pdf],0,Velocity Profile,not applicable,not applicable,not applicable,not applicable,not applicable,,[DCN 1342-00750|https://alfresco.oceanobservatories.org/alfresco/d/d/workspace/SpacesStore/c1fb71ed-ec32-4035-9d7b-d8228b57f7b0/1342-00750_Data_Processing_Flow_ADCP_OOI.pdf],not applicable,not applicable,not applicable,not applicable,mm/s,VELPROF,DCN 1342-00750,DCN 1341-00750,VELPROF_L0,"[""ADCPA"", ""ADCPS"", ""ADCPT""]",L0,Velocity Profile,Water Column,mm/s
not applicable,not applicable,not applicable,L2-SR-RQ-3757,Water Velocity Profile,[DCN 1341-00750|https://alfresco.oceanobservatories.org/alfresco/d/d/workspace/SpacesStore/7ea90727-c1b4-4d73-b565-0ae4227da451/1341-00750_Data_Product_SPEC_VELPROF_ECHOINT_OOI.pdf],0,Velocity Profile,not applicable,not applicable,not applicable,not applicable,not applicable,,[DCN 1342-00750|https://alfresco.oceanobservatories.org/alfresco/d/d/workspace/SpacesStore/c1fb71ed-ec32-4035-9d7b-d8228b57f7b0/1342-00750_Data_Processing_Flow_ADCP_OOI.pdf],not applicable,not applicable,not applicable,not applicable,mm/s,VELPROF,DCN 1342-00750,DCN 1341-00750,VELPROF_L1,"[""ADCPA"", ""ADCPS"", ""ADCPT""]",L1,Velocity Profile,Water Column,m/s
not applicable,not applicable,not applicable,L2-SR-RQ-3090,Vent Fluid chloride concentrations,[DCN 1341-00160|https://alfresco.oceanobservatories.org/alfresco/d/d/workspace/SpacesStore/6879d629-e938-4546-8ed6-edd67583aa5f/1341-00160_Data_Product_Spec_TRHPHCC_OOI.pdf],2,Vent Fluid Chloride Concentration,applicable,applicable,applicable,not applicable,not applicable,,[DCN 1342-00150|https://alfresco.oceanobservatories.org/alfresco/d/d/workspace/SpacesStore/54181509-329e-4ded-8081-7524d30aff49/1342-00150_Data_Processing_Flow_TRHPH_OOI.pdf],not applicable,applicable,applicable,applicable,??M,TRHPHCC,DCN 1342-00150,DCN 1341-00160,TRHPHCC_L2,"[""TRHPH""]",L2,Vent Fluid Chloride Concentration,Seafloor/Crust,??M
not applicable,not applicable,not applicable,L2-SR-RQ-3090,Vent Fluid chloride concentrations,[DCN 1341-00170|https://alfresco.oceanobservatories.org/alfresco/d/d/workspace/SpacesStore/5c359aaa-9a4d-4f55-88d3-17a9c4e7082f/1341-00170_Data_Product_Spec_TRHPHEH_OOI.pdf],1,Vent Fluid Oxidation-Reduction Potential (ORP),not applicable,applicable,applicable,not applicable,not applicable,,[DCN 1342-00150|https://alfresco.oceanobservatories.org/alfresco/d/d/workspace/SpacesStore/54181509-329e-4ded-8081-7524d30aff49/1342-00150_Data_Processing_Flow_TRHPH_OOI.pdf],not applicable,applicable,applicable,applicable,mV,TRHPHEH,DCN 1342-00150,DCN 1341-00170,TRHPHEH_L1,"[""TRHPH""]",L1,Vent Fluid Oxidation-Reduction Potential (ORP),Seafloor/Crust,mV
not applicable,not applicable,not applicable,L2-SR-RQ-3408,Interactive Sampling for Vent Fluid Chemistry,DCN 1341-00140,0,Vent Fluid Temperature from RASFL,not applicable,not applicable,not applicable,not applicable,not applicable,,DCN 1342-00140,not applicable,not applicable,not applicable,not applicable,TBD,TEMPVNT,DCN 1342-00140,DCN 1341-00140,TEMPVNT_L1,"[""RASFL""]",L1,Vent Fluid Temperature from RASFL,Seafloor/Crust,degrees C
not applicable,not applicable,not applicable,L2-SR-RQ-3408,Interactive Sampling for Vent Fluid Chemistry,DCN 1341-00140,0,Vent Fluid Temperature from RASFL,not applicable,not applicable,not applicable,not applicable,not applicable,,DCN 1342-00140,not applicable,not applicable,not applicable,not applicable,TBD,TEMPVNT,DCN 1342-00140,DCN 1341-00140,TEMPVNT_L0,"[""RASFL""]",L0,Vent Fluid Temperature from RASFL,Seafloor/Crust,TBD
not applicable,not applicable,not applicable,L2-SR-RQ-3092,Vent Fluid pH-temperature-H2 chemistry,DCN 1341-00120,0,Vent Fluid Temperature from THSPH,not applicable,not applicable,not applicable,not applicable,not applicable,,DCN 1342-00120,not applicable,not applicable,not applicable,not applicable,V,THSPHTE,DCN 1342-00120,DCN 1341-00120,THSPHTE_L1,"[""THSPH""]",L1,Vent Fluid Temperature from THSPH,Seafloor/Crust,degrees C
not applicable,not applicable,not applicable,L2-SR-RQ-3092,Vent Fluid pH-temperature-H2 chemistry,DCN 1341-00120,0,Vent Fluid Temperature from THSPH,not applicable,not applicable,not applicable,not applicable,not applicable,,DCN 1342-00120,not applicable,not applicable,not applicable,not applicable,V,THSPHTE,DCN 1342-00120,DCN 1341-00120,THSPHTE_L0,"[""THSPH""]",L0,Vent Fluid Temperature from THSPH,Seafloor/Crust,V
not applicable,not applicable,not applicable,L2-SR-RQ-3090,Vent Fluid chloride concentrations,[DCN 1341-00150|https://alfresco.oceanobservatories.org/alfresco/d/d/workspace/SpacesStore/23624e5a-09c7-4aaf-b681-04584c9f9e48/1341-00150_Data_Product_Spec_TRHPHTE_OOI.pdf],1,Vent Fluid Temperature from TRHPH,not applicable,applicable,applicable,not applicable,not applicable,,[DCN 1342-00150|https://alfresco.oceanobservatories.org/alfresco/d/d/workspace/SpacesStore/54181509-329e-4ded-8081-7524d30aff49/1342-00150_Data_Processing_Flow_TRHPH_OOI.pdf],not applicable,applicable,applicable,applicable,C,TRHPHTE,DCN 1342-00150,DCN 1341-00150,TRHPHTE_L1,"[""TRHPH""]",L1,Vent Fluid Temperature from TRHPH,Seafloor/Crust,C
TBD,TBD,TBD,L2-SR-RQ-3641,Vertically Averaged Horizontal Water Velocity ,DCN 1341-00590,2,Vertically Averaged Horizontal Water Velocity (VAHWV) ,TBD,TBD,TBD,TBD,TBD,,DCN 1342-00560,TBD,TBD,TBD,TBD,m/s,IESAHWV,DCN 1342-00560,DCN 1341-00590,IESAHWV_L2,"[""HPIES""]",L2,Vertically Averaged Horizontal Water Velocity (VAHWV),Water Column,m/s
TBD,TBD,TBD,L2-SR-RQ-3073,Water Column Heat Content,DCN 1341-00610,2,Water Column Heat Content,TBD,TBD,TBD,TBD,TBD,,DCN 1342-00560,TBD,TBD,TBD,TBD,Jm-2,IESHEAT,DCN 1342-00560,DCN 1341-00610,IESHEAT_L2,"[""HPIES""]",L2,Water Column Heat Content,Water Column,Jm-2
TBD,TBD,TBD,L2-SR-RQ-3073,Water Property Profile Time Series,DCN 1341-00600,2,Water Property Profile Time Series,TBD,TBD,TBD,TBD,TBD,,DCN 1342-00560,TBD,TBD,TBD,TBD,"T (degree C), salinity (unitless), density (kgm-3)",IES_WPP,DCN 1342-00560,DCN 1341-00600,IES_WPP_L2,"[""HPIES""]",L2,Water Property Profile Time Series,Water Column,"T (degree C), salinity (unitless), density (kgm-3)"
not applicable,not applicable,not applicable,L2-SR-RQ-3587,"The OOI shall provide surface wave properties that include but are not limited to:  Significant wave height [H_m0], Mean period [T_zero], Mean direction [theta_1], Spectral width (directional spreading function) [D(f,alpha)], Period of spectral peak [T_p], Direction of spectral peak [alpha_1], Average wave period [T_av], Spectral energy density (non-directional) for multiple frequency bands [C_11(f)], Directional spectra for multiple frequency bands [S(f,alpha)]",DCN 1341-00450,0,Wave Spectral Properties,not applicable,not applicable,not applicable,not applicable,not applicable,,DCN 1342-00450,not applicable,not applicable,not applicable,not applicable,m; s; degrees; Hz; m^2 Hz^-1,WAVSTAT,DCN 1342-00450,DCN 1341-00450,WAVSTAT_L0,"[""ADCPT"", ""WAVSS""]",L0,Wave Spectral Properties,"Air-Sea Interface, Surface Water",m; s; degrees; Hz; m^2 Hz^-1
not applicable,not applicable,not applicable,L2-SR-RQ-3587,"The OOI shall provide surface wave properties that include but are not limited to:  Significant wave height [H_m0], Mean period [T_zero], Mean direction [theta_1], Spectral width (directional spreading function) [D(f,alpha)], Period of spectral peak [T_p], Direction of spectral peak [alpha_1], Average wave period [T_av], Spectral energy density (non-directional) for multiple frequency bands [C_11(f)], Directional spectra for multiple frequency bands [S(f,alpha)]",DCN 1341-00450,0,Wave Spectral Properties,not applicable,not applicable,not applicable,not applicable,not applicable,,DCN 1342-00450,not applicable,not applicable,not applicable,not applicable,m; s; degrees; Hz; m^2 Hz^-1,WAVSTAT,DCN 1342-00450,DCN 1341-00450,WAVSTAT_L2,"[""ADCPT"", ""WAVSS""]",L2,Wave Spectral Properties,"Air-Sea Interface, Surface Water",m; s; degrees; Hz; m^2 Hz^-1
,,,,,,2,Wind Velocity at 10 m  ,,,,,,,,,,,,m/s,WIND10M,,,WIND10M_L2,"[""METBK""]",L2,Wind Velocity at 10 m,,m/s
not applicable,not applicable,not applicable,L2-SR-RQ-3028,Turbulent wind velocity,DCN 1341-00310,0,Wind Velocity in 3 Dimensions,not applicable,not applicable,not applicable,not applicable,not applicable,,"DCN 1342-00280 (FDCHP), DCN 1342-00290 (FDCLP)",not applicable,not applicable,not applicable,not applicable,TBD,WINDTUR,"DCN 1342-00280 (FDCHP), DCN 1342-00290 (FDCLP)",DCN 1341-00310,WINDTUR_L0,"[""FDCHP"", ""FDCLP""]",L0,Wind Velocity in 3 Dimensions,Air-Sea Interface,TBD
not applicable,not applicable,not applicable,L2-SR-RQ-3028,Turbulent wind velocity,DCN 1341-00310,0,Wind Velocity in 3 Dimensions,not applicable,not applicable,not applicable,not applicable,not applicable,,"DCN 1342-00280 (FDCHP), DCN 1342-00290 (FDCLP)",not applicable,not applicable,not applicable,not applicable,TBD,WINDTUR,"DCN 1342-00280 (FDCHP), DCN 1342-00290 (FDCLP)",DCN 1341-00310,WINDTUR_L1,"[""FDCHP"", ""FDCLP""]",L1,Wind Velocity in 3 Dimensions,Air-Sea Interface,m/s
not applicable,not applicable,not applicable,L2-SR-RQ-3092,Vent Fluid pH-temperature-H2 chemistry,DCN 1341-00190,0,pH,not applicable,not applicable,not applicable,not applicable,not applicable,,DCN 1342-00120,not applicable,not applicable,not applicable,not applicable,V,THSPHPH,DCN 1342-00120,DCN 1341-00190,THSPHPH_L0,"[""THSPH""]",L0,pH,Seafloor/Crust,V
not applicable,not applicable,not applicable,L2-SR-RQ-3092,Vent Fluid pH-temperature-H2 chemistry,DCN 1341-00190,0,pH,not applicable,not applicable,not applicable,not applicable,not applicable,,DCN 1342-00120,not applicable,not applicable,not applicable,not applicable,V,THSPHPH,DCN 1342-00120,DCN 1341-00190,THSPHPH_L2,"[""THSPH""]",L2,pH,Seafloor/Crust,pH units
TBD,TBD,TBD,L2-SR-RQ-3047,pH,DCN 1341-00510,1,pH,TBD,TBD,TBD,TBD,TBD,,DCN 1342-00510,TBD,TBD,TBD,TBD,pH units,PHWATER,DCN 1342-00510,DCN 1341-00510,PHWATER_L1,"[""PHSEN""]",L1,pH,Water Column,pH units